endTime,startTime,activityProbability,topCandidateType,topCandidateProbability,distanceMeters,startLatitude,startLongitude,endLatitude,endLongitude,relativeWeekNum,person
2024-12-05T19:51:35.999+01:00,2024-12-05 19:46:48.028,0.96499,in tram,0.502167,343.891724,52.222009,21.005497,52.219014,21.004868,0,kl
2024-12-05T20:20:32.036+01:00,2024-12-05 19:51:35.999,0.989086,in subway,0.577067,10677.961914,52.219014,21.004868,52.131347,21.065809,0,kl
2024-12-06T13:37:03.005+01:00,2024-12-06 13:33:59.161,0.909291,walking,0.67689,246.412064,52.129527,21.065707,52.131398,21.065778,0,kl
2024-12-06T13:55:46.036+01:00,2024-12-06 13:37:03.005,0.989348,in subway,0.912099,9411.0625,52.131398,21.065778,52.207949,21.008098,0,kl
2024-12-06T14:03:13.000+01:00,2024-12-06 13:55:46.036,0.89298,in tram,0.0,1595.172119,52.207949,21.008098,52.222114,21.004991,0,kl
2024-12-06T15:34:02.958+01:00,2024-12-06 15:30:29.617,0.894056,in tram,0.232779,654.523804,52.223704,21.004383,52.229329,21.002564,0,kl
2024-12-06T16:27:37.351+01:00,2024-12-06 15:45:36.983,0.98412,in tram,0.621418,11329.810547,52.223735,21.00438,52.131385,21.065781,0,kl
2024-12-06T16:31:37.852+01:00,2024-12-06 16:27:37.351,0.983489,walking,0.70891,173.223846,52.131385,21.065781,52.129888,21.065419,0,kl
2024-12-09T09:56:47.706+01:00,2024-12-09 09:37:23.525,0.999469,in subway,0.982568,9421.582031,52.13105,21.066024,52.207962,21.008323,1,kl
2024-12-09T10:04:30.124+01:00,2024-12-09 09:56:47.706,0.913386,in tram,0.689561,1642.875366,52.207962,21.008323,52.222417,21.004819,1,kl
2024-12-09T10:08:46.173+01:00,2024-12-09 10:04:30.124,0.742626,walking,0.41779,162.99617,52.222417,21.004819,52.222027,21.007126,1,kl
2024-12-09T17:38:26.673+01:00,2024-12-09 17:20:18.192,0.653355,walking,0.636558,349.456879,52.221405,21.010073,52.222075,21.007475,1,kl
2024-12-09T19:28:14.288+01:00,2024-12-09 19:20:29.338,0.64444,walking,0.0,273.289276,52.222019,21.005639,52.220014,21.004811,1,kl
2024-12-09T20:09:05.946+01:00,2024-12-09 19:28:14.288,0.992172,in subway,0.0,10644.874023,52.219154,21.00484,52.1314,21.065779,1,kl
2024-12-10T15:32:21.822+01:00,2024-12-10 14:07:16.425,0.68421,walking,0.618583,588.8479,52.131033,21.064077,52.131025,21.065862,1,kl
2024-12-10T16:11:19.000+01:00,2024-12-10 15:32:21.822,0.981641,in tram,0.66516,10993.379883,52.131025,21.065862,52.221979,21.005027,1,kl
2024-12-10T17:49:41.675+01:00,2024-12-10 17:16:44.126,0.991176,in subway,0.267058,10730.277344,52.219402,21.004979,52.130807,21.065764,1,kl
2024-12-11T17:27:11.834+01:00,2024-12-11 17:23:21.359,0.741591,walking,0.527135,186.251434,52.130387,21.065464,52.131415,21.065741,1,kl
2024-12-11T17:52:16.632+01:00,2024-12-11 17:27:11.834,0.989156,in subway,0.602931,11046.291016,52.131415,21.065741,52.222503,21.004838,1,kl
2024-12-11T19:18:58.653+01:00,2024-12-11 18:59:11.177,0.960769,in tram,0.648565,6779.188477,52.220437,21.004821,52.161361,21.028211,1,kl
2024-12-11T19:22:45.086+01:00,2024-12-11 19:18:58.653,0.835543,walking,0.416311,264.601501,52.161361,21.028211,52.163459,21.026483,1,kl
2024-12-11T21:19:29.962+01:00,2024-12-11 21:09:15.622,0.998791,in subway,0.902454,4225.90625,52.161444,21.028155,52.131398,21.065719,1,kl
2024-12-11T21:23:57.389+01:00,2024-12-11 21:19:29.962,0.979628,walking,0.668215,241.957245,52.131398,21.065719,52.129227,21.065492,1,kl
2024-12-12T09:48:27.294+01:00,2024-12-12 09:41:33.525,0.827975,walking,0.543379,288.51535,52.128943,21.064899,52.131435,21.065765,1,kl
2024-12-12T10:06:14.942+01:00,2024-12-12 09:48:27.294,0.99864,in subway,0.966501,9362.282227,52.131435,21.065765,52.207917,21.00836,1,kl
2024-12-12T10:15:00.999+01:00,2024-12-12 10:06:14.942,0.889219,in tram,0.663455,1714.46228,52.207917,21.00836,52.221302,21.00483,1,kl
2024-12-12T10:18:53.122+01:00,2024-12-12 10:15:00.999,0.786425,walking,0.543408,171.722122,52.221302,21.00483,52.221989,21.007088,1,kl
2024-12-12T18:16:04.494+01:00,2024-12-12 17:46:29.423,0.988982,in tram,0.373376,11211.378906,52.222037,21.005432,52.129459,21.065973,1,kl
2024-12-12T18:18:47.275+01:00,2024-12-12 18:16:04.494,0.96536,walking,0.790286,92.259689,52.129475,21.066041,52.129045,21.064884,1,kl
2024-12-13T11:49:07.773+01:00,2024-12-13 11:38:27.606,0.910882,walking,0.707666,137.342331,52.1287,21.064689,52.129858,21.065389,1,kl
2024-12-13T11:59:21.304+01:00,2024-12-13 11:49:07.773,0.992361,in bus,0.318292,1734.40271,52.129858,21.065389,52.143427,21.054406,1,kl
2024-12-13T13:26:17.571+01:00,2024-12-13 13:17:10.597,0.992614,in bus,0.475735,1764.675049,52.143656,21.054182,52.129704,21.065589,1,kl
2024-12-14T11:32:00.670+01:00,2024-12-14 11:30:13.635,0.953371,walking,0.499201,142.551575,52.130093,21.064994,52.131269,21.065826,1,kl
2024-12-14T11:45:42.565+01:00,2024-12-14 11:32:00.670,0.999206,in subway,0.925868,4351.037598,52.131269,21.065826,52.162545,21.027758,1,kl
2024-12-14T13:14:31.071+01:00,2024-12-14 13:10:28.095,0.997711,in subway,0.0,968.768433,52.162648,21.027149,52.155695,21.035706,1,kl
2024-12-14T14:15:08.231+01:00,2024-12-14 13:42:34.554,0.943571,in subway,0.878937,1014.05011,52.155677,21.034149,52.149707,21.045384,1,kl
2024-12-14T18:45:00.231+01:00,2024-12-14 14:15:08.231,0.0,unknown,0.0,0.0,52.149707,21.045384,52.129119,21.065779,1,kl
2024-12-17T20:57:00.077+01:00,2024-12-17 20:05:00.077,0.0,unknown,0.0,0.0,52.129119,21.065779,52.146123,21.043912,2,kl
2024-12-17T21:11:05.344+01:00,2024-12-17 21:00:53.618,0.985122,in bus,0.573846,2648.478027,52.146658,21.043179,52.129482,21.065715,2,kl
2024-12-18T09:06:46.000+01:00,2024-12-18 08:59:54.948,0.991096,walking,0.551532,453.108215,52.1287,21.064689,52.131263,21.05941,2,kl
2024-12-18T09:21:34.999+01:00,2024-12-18 09:16:24.998,0.974671,walking,0.904645,510.872192,52.132103,21.056019,52.135453,21.051205,2,kl
2024-12-18T10:36:09.113+01:00,2024-12-18 10:32:45.954,0.995262,in bus,0.747509,1186.288208,52.136084,21.05042,52.131223,21.062374,2,kl
2024-12-18T10:45:34.000+01:00,2024-12-18 10:36:09.113,0.839016,walking,0.490134,353.963226,52.131223,21.062374,52.130629,21.064987,2,kl
2024-12-18T19:31:29.714+01:00,2024-12-18 19:26:40.468,0.921824,walking,0.0,226.432068,52.129677,21.065604,52.131554,21.06571,2,kl
2024-12-18T19:37:57.496+01:00,2024-12-18 19:31:29.714,0.999352,in subway,0.971202,4309.225586,52.131554,21.06571,52.162537,21.027774,2,kl
2024-12-18T21:07:50.032+01:00,2024-12-18 21:06:10.561,0.679481,walking,0.386169,140.69014,52.163345,21.026136,52.162281,21.027251,2,kl
2024-12-18T21:24:57.838+01:00,2024-12-18 21:07:50.032,0.99026,in subway,0.643929,4506.759277,52.162281,21.027251,52.129948,21.065341,2,kl
2024-12-19T09:32:54.914+01:00,2024-12-19 09:27:02.465,0.717026,walking,0.508268,246.056763,52.129584,21.065644,52.131414,21.06578,2,kl
2024-12-19T09:39:27.730+01:00,2024-12-19 09:32:54.914,0.999113,in subway,0.94603,3377.028809,52.131414,21.06578,52.155436,21.035499,2,kl
2024-12-19T10:04:17.865+01:00,2024-12-19 09:46:24.192,0.993494,in subway,0.887441,6145.33252,52.155179,21.035067,52.207916,21.008111,2,kl
2024-12-19T10:17:22.564+01:00,2024-12-19 10:04:17.865,0.896691,in tram,0.785174,1797.667236,52.207916,21.008111,52.222377,21.00483,2,kl
2024-12-19T10:21:04.839+01:00,2024-12-19 10:17:22.564,0.811528,walking,0.483599,126.200912,52.222377,21.00483,52.222086,21.006621,2,kl
2024-12-19T18:56:57.120+01:00,2024-12-19 18:30:09.684,0.991221,in tram,0.503103,9826.408203,52.22209,21.005438,52.140373,21.057094,2,kl
2024-12-19T19:11:14.999+01:00,2024-12-19 19:04:14.998,0.954613,walking,0.918048,596.899719,52.139368,21.058638,52.134664,21.062309,2,kl
2024-12-19T19:46:48.823+01:00,2024-12-19 19:36:40.522,0.96246,walking,0.902327,442.368774,52.133926,21.063214,52.130346,21.065125,2,kl
2024-12-19T20:23:21.776+01:00,2024-12-19 19:46:48.823,0.647722,walking,0.44508,118.099236,52.129473,21.06593,52.128625,21.064887,2,kl
2024-12-20T14:00:00.000+01:00,2024-12-20 13:25:00.000,0.0,in subway,0.0,11096.018555,52.128991,21.065424,52.222157,21.007131,2,kl
2024-12-21T15:58:13.201+01:00,2024-12-21 15:52:23.210,0.972871,walking,0.882743,199.27832,52.129713,21.065535,52.131426,21.06576,2,kl
2024-12-21T16:37:22.042+01:00,2024-12-21 15:58:13.201,0.99709,in subway,0.943428,20606.919922,52.131426,21.06576,52.290308,20.930403,2,kl
2024-12-21T16:39:04.999+01:00,2024-12-21 16:37:22.042,0.861088,walking,0.0,192.083023,52.290308,20.930403,52.289238,20.932391,2,kl
2024-12-21T17:17:40.998+01:00,2024-12-21 17:06:57.999,0.972307,in passenger vehicle,0.73693,3641.668457,52.287574,20.931956,52.297332,20.906003,2,kl
2024-12-21T19:40:40.247+01:00,2024-12-21 19:34:10.383,0.994225,in bus,0.838831,2236.847168,52.29496,20.905337,52.282141,20.920519,2,kl
2024-12-21T20:12:12.667+01:00,2024-12-21 19:47:48.693,0.999224,in tram,0.765494,6744.285156,52.282146,20.920389,52.244553,20.991281,2,kl
2024-12-21T20:18:08.671+01:00,2024-12-21 20:12:12.667,0.978278,walking,0.509709,271.306427,52.244553,20.991281,52.246439,20.993808,2,kl
2024-12-21T22:26:06.454+01:00,2024-12-21 22:18:12.998,0.812648,walking,0.751032,584.769226,52.245585,20.994142,52.244792,21.001283,2,kl
2024-12-21T22:52:32.766+01:00,2024-12-21 22:26:06.454,0.997858,in subway,0.0,13500.969727,52.244792,21.001283,52.131388,21.065777,2,kl
2024-12-21T22:57:06.927+01:00,2024-12-21 22:52:32.766,0.922079,walking,0.797442,286.909241,52.131388,21.065777,52.12895,21.064742,2,kl
2024-12-22T13:15:47.491+01:00,2024-12-22 13:14:23.402,0.869959,walking,0.656156,62.261169,52.128979,21.066152,52.129113,21.065266,2,kl
2024-12-22T15:42:32.374+01:00,2024-12-22 15:32:57.555,0.924397,walking,0.683855,320.315277,52.1287,21.064689,52.131412,21.065784,2,kl
2024-12-22T15:45:56.398+01:00,2024-12-22 15:42:32.374,0.996501,in subway,0.803267,2297.699707,52.131412,21.065784,52.14866,21.047303,2,kl
2024-12-22T17:51:47.415+01:00,2024-12-22 16:06:40.566,0.984287,in passenger vehicle,0.947852,139655.96875,51.960667,21.568882,50.929946,22.253417,2,kl
2024-12-22T19:27:21.637+01:00,2024-12-22 17:58:12.035,0.97716,in passenger vehicle,0.902888,42239.839844,50.308605,22.149482,49.989192,22.107117,2,kl
2024-12-23T13:44:43.258+01:00,2024-12-23 13:21:30.215,0.989306,in passenger vehicle,0.899198,7783.865234,50.001281,22.100127,50.027071,22.016842,3,kl
2024-12-23T14:42:47.007+01:00,2024-12-23 14:28:39.138,0.982195,in passenger vehicle,0.0,487.873505,50.028099,22.013971,50.024136,22.0169,3,kl
2024-12-23T18:18:49.850+01:00,2024-12-23 18:00:57.741,0.996572,in passenger vehicle,0.924661,8944.376953,50.034626,22.024446,49.989032,22.10704,3,kl
2024-12-24T19:32:45.000+01:00,2024-12-23 18:18:49.850,0.569771,in passenger vehicle,0.482437,0.0,49.98903,22.106953,49.98903,22.106953,3,kl
2024-12-25T20:46:43.404+01:00,2024-12-24 19:33:45.000,0.0,in passenger vehicle,0.0,0.0,49.98903,22.106953,49.98903,22.106953,3,kl
2024-12-26T01:36:54.623+01:00,2024-12-26 01:10:20.001,0.996304,in passenger vehicle,0.93964,15209.558594,50.060258,21.949436,49.989117,22.106978,3,kl
2024-12-27T19:35:47.000+01:00,2024-12-27 18:44:59.119,0.985627,in passenger vehicle,0.896437,9317.353516,49.989033,22.106949,50.03756,22.005283,3,kl
2024-12-27T22:43:33.999+01:00,2024-12-27 22:24:36.271,0.992975,in passenger vehicle,0.911933,9796.473633,50.038419,22.005517,49.989074,22.106935,3,kl
2024-12-28T18:53:19.468+01:00,2024-12-28 18:03:36.980,0.987251,in passenger vehicle,0.821753,699.877136,49.989039,22.106934,49.984802,22.114172,3,kl
2024-12-30T13:08:10.405+01:00,2024-12-30 12:44:38.804,0.978347,in passenger vehicle,0.902787,9543.204102,49.988091,22.107588,50.026674,22.015784,4,kl
2024-12-30T13:39:23.997+01:00,2024-12-30 13:23:36.321,0.97363,in passenger vehicle,0.481972,2462.178467,50.028247,22.012447,50.0351,22.04081,4,kl
2024-12-30T13:56:21.503+01:00,2024-12-30 13:48:44.399,0.961027,walking,0.586147,802.679077,50.035399,22.041116,50.032531,22.033759,4,kl
2024-12-30T14:41:43.133+01:00,2024-12-30 14:30:16.997,0.976632,in passenger vehicle,0.878699,1817.339233,50.033805,22.033776,50.027317,22.042065,4,kl
2024-12-30T15:10:28.576+01:00,2024-12-30 14:56:29.425,0.992043,in passenger vehicle,0.93188,6860.106445,50.027314,22.042107,49.989157,22.107042,4,kl
2024-12-30T17:59:25.285+01:00,2024-12-30 17:57:39.999,0.949909,in passenger vehicle,0.79305,873.004639,49.988124,22.107847,49.982358,22.113611,4,kl
2024-12-30T18:26:17.954+01:00,2024-12-30 18:20:56.770,0.991484,in passenger vehicle,0.852125,1016.714478,49.982333,22.113591,49.989061,22.106939,4,kl
2024-12-31T19:04:17.954+01:00,2024-12-31 18:27:20.680,0.996825,in passenger vehicle,0.941966,9391.490234,50.017587,22.023693,50.060116,21.939611,4,kl
2025-01-01T13:35:37.089+01:00,2025-01-01 13:09:51.078,0.996747,in passenger vehicle,0.934612,15380.99707,50.059356,21.94017,49.989071,22.106929,4,kl
2025-01-01T17:55:30.212+01:00,2025-01-01 16:50:58.738,0.67151,in passenger vehicle,0.613309,937.556519,49.989069,22.106966,49.997049,22.102728,4,kl
2025-01-02T08:45:15.723+01:00,2025-01-01 18:08:19.674,0.95058,in passenger vehicle,0.597276,236749.65625,50.199912,22.105396,52.128695,21.064688,4,kl
2025-01-02T10:01:19.912+01:00,2025-01-02 09:44:40.629,0.996907,in subway,0.963812,9388.016602,52.131401,21.065794,52.207943,21.008343,4,kl
2025-01-02T10:11:27.916+01:00,2025-01-02 10:06:39.099,0.996704,in tram,0.595856,1400.290039,52.209177,21.007572,52.221578,21.004828,4,kl
2025-01-02T13:54:39.482+01:00,2025-01-02 13:24:11.863,0.986379,in tram,0.538138,11824.539062,52.228985,21.002358,52.130732,21.065847,4,kl
2025-01-02T13:55:48.961+01:00,2025-01-02 13:54:39.482,0.969195,walking,0.488115,121.388084,52.130732,21.065847,52.129648,21.065631,4,kl
2025-01-03T14:36:18.212+01:00,2025-01-03 14:34:57.261,0.989123,walking,0.688815,100.039635,52.129043,21.064927,52.129899,21.06538,4,kl
2025-01-03T15:32:21.111+01:00,2025-01-03 14:36:18.212,0.662018,in subway,0.599885,2237.026611,52.155232,21.034933,52.140377,21.05703,4,kl
2025-01-03T16:30:47.530+01:00,2025-01-03 16:07:57.953,0.989862,in subway,0.710426,10449.995117,52.130718,21.065491,52.219613,21.01577,4,kl
2025-01-03T16:54:58.999+01:00,2025-01-03 16:35:35.024,0.99114,in tram,0.636385,5067.903809,52.219831,21.016105,52.22801,20.957904,4,kl
2025-01-03T16:58:55.073+01:00,2025-01-03 16:54:58.999,0.83384,walking,0.47344,197.308029,52.22801,20.957904,52.229581,20.959252,4,kl
2025-01-03T17:36:28.997+01:00,2025-01-03 17:32:27.445,0.657704,walking,0.380271,70.457542,52.228228,20.959088,52.228083,20.960095,4,kl
2025-01-03T17:55:20.038+01:00,2025-01-03 17:36:28.997,0.973062,in passenger vehicle,0.820894,4017.052734,52.228083,20.960095,52.230489,21.012094,4,kl
2025-01-03T18:40:15.000+01:00,2025-01-03 18:11:41.716,0.997817,in subway,0.864004,11844.769531,52.230395,21.010492,52.129402,21.065736,4,kl
2025-01-04T11:39:17.790+01:00,2025-01-04 11:34:01.834,0.959767,walking,0.779899,222.024078,52.12948,21.065746,52.131462,21.065762,4,kl
2025-01-04T11:47:14.687+01:00,2025-01-04 11:39:17.790,0.999263,in subway,0.945534,4329.147949,52.131462,21.065762,52.162526,21.027733,4,kl
2025-01-04T11:50:12.761+01:00,2025-01-04 11:47:14.687,0.914413,walking,0.506834,176.495697,52.162526,21.027733,52.163673,21.025944,4,kl
2025-01-04T13:20:48.750+01:00,2025-01-04 13:11:08.385,0.999272,in subway,0.974532,4350.467773,52.162487,21.027126,52.131397,21.065832,4,kl
2025-01-04T13:34:10.171+01:00,2025-01-04 13:20:48.750,0.873732,walking,0.603474,359.551086,52.131397,21.065832,52.1295,21.065978,4,kl
2025-01-06T12:50:39.862+01:00,2025-01-06 12:19:28.414,0.888516,walking,0.804067,126.214172,52.128725,21.064732,52.129754,21.065513,5,kl
2025-01-06T13:03:00.936+01:00,2025-01-06 12:50:39.862,0.999314,in subway,0.987666,6313.214844,52.131398,21.065797,52.181732,21.022982,5,kl
2025-01-06T13:29:15.625+01:00,2025-01-06 13:10:20.497,0.996374,in subway,0.969029,5554.667969,52.181176,21.023822,52.230471,21.010623,5,kl
2025-01-06T13:53:21.038+01:00,2025-01-06 13:39:32.000,0.994693,in bus,0.881461,5108.971191,52.229512,21.009625,52.207625,20.945129,5,kl
2025-01-06T14:10:14.000+01:00,2025-01-06 13:53:21.038,0.925068,walking,0.766189,979.944458,52.207625,20.945129,52.207287,20.954625,5,kl
2025-01-07T15:29:59.480+01:00,2025-01-07 15:24:21.072,0.960934,walking,0.80495,304.227783,52.129558,21.065707,52.131989,21.065301,5,kl
2025-01-07T15:47:03.034+01:00,2025-01-07 15:29:59.480,0.994898,in subway,0.960787,9297.006836,52.131989,21.065301,52.207875,21.008359,5,kl
2025-01-07T15:54:43.587+01:00,2025-01-07 15:47:03.034,0.915643,in tram,0.72377,1676.823242,52.207875,21.008359,52.222666,21.004859,5,kl
2025-01-07T17:29:56.650+01:00,2025-01-07 17:12:16.838,0.996697,in tram,0.486307,4293.437988,52.222615,21.005057,52.228281,20.959077,5,kl
2025-01-07T18:19:05.000+01:00,2025-01-07 17:58:28.721,0.971276,in passenger vehicle,0.744251,4279.542969,52.228074,20.959106,52.231162,21.009926,5,kl
2025-01-07T19:06:15.137+01:00,2025-01-07 18:36:31.807,0.98998,in subway,0.676289,12227.043945,52.23103,21.011044,52.129786,21.065582,5,kl
2025-01-07T19:07:56.586+01:00,2025-01-07 19:06:15.137,0.913959,walking,0.817992,75.438988,52.129281,21.065498,52.128981,21.064955,5,kl
2025-01-08T08:26:44.131+01:00,2025-01-08 08:24:06.489,0.91648,walking,0.650565,204.084656,52.129216,21.06547,52.130937,21.065782,5,kl
2025-01-08T08:45:56.926+01:00,2025-01-08 08:26:44.131,0.997905,in subway,0.966483,9418.241211,52.130937,21.065782,52.207958,21.008325,5,kl
2025-01-08T08:57:11.910+01:00,2025-01-08 08:45:56.926,0.963961,in tram,0.628696,11068.913086,52.130937,21.065782,52.222564,21.004842,5,kl
2025-01-08T12:44:31.109+01:00,2025-01-08 12:16:23.308,0.995386,in tram,0.516943,10995.556641,52.222144,21.005314,52.131385,21.0658,5,kl
2025-01-08T19:34:38.848+01:00,2025-01-08 19:22:38.711,0.998945,in subway,0.95964,4369.522949,52.131013,21.065765,52.162485,21.027419,5,kl
2025-01-08T19:38:01.930+01:00,2025-01-08 19:34:38.848,0.938826,walking,0.639463,151.272079,52.162485,21.027419,52.163567,21.026076,5,kl
2025-01-08T21:25:27.767+01:00,2025-01-08 21:08:15.394,0.999389,in subway,0.977861,4342.939941,52.162481,21.027282,52.131387,21.065798,5,kl
2025-01-10T13:43:25.931+01:00,2025-01-10 13:35:27.919,0.946759,walking,0.615106,268.532593,52.129441,21.06597,52.131658,21.065533,5,kl
2025-01-10T14:06:40.100+01:00,2025-01-10 13:43:25.931,0.983691,in subway,0.511596,10973.636719,52.131658,21.065533,52.222361,21.004843,5,kl
2025-01-10T19:13:29.863+01:00,2025-01-10 19:03:46.525,0.99928,in tram,0.766269,2397.916748,52.223409,21.004511,52.243592,20.9923,5,kl
2025-01-10T19:20:57.787+01:00,2025-01-10 19:13:29.863,0.869221,walking,0.627358,355.674866,52.243592,20.9923,52.24605,20.994104,5,kl
2025-01-10T21:57:45.999+01:00,2025-01-10 21:49:52.737,0.736339,walking,0.462979,332.368835,52.245606,20.993936,52.243545,20.992168,5,kl
2025-01-10T22:39:09.026+01:00,2025-01-10 21:57:45.999,0.980192,in tram,0.754277,13671.439453,52.243545,20.992168,52.12995,21.065415,5,kl
2025-01-10T22:41:55.845+01:00,2025-01-10 22:39:09.026,0.96925,walking,0.687383,150.142181,52.12995,21.065415,52.12865,21.06482,5,kl
2025-01-11T11:31:06.892+01:00,2025-01-11 11:17:41.818,0.991607,walking,0.823726,274.638306,52.128706,21.06471,52.131071,21.065867,5,kl
2025-01-11T11:42:39.009+01:00,2025-01-11 11:31:06.892,0.999603,in subway,0.9779,4334.297852,52.131405,21.06576,52.162484,21.02742,5,kl
2025-01-11T13:10:15.702+01:00,2025-01-11 13:09:08.094,0.842375,walking,0.428209,91.985481,52.163179,21.026313,52.162459,21.026979,5,kl
2025-01-11T13:18:15.877+01:00,2025-01-11 13:10:15.702,0.976997,in bus,0.448968,969.753723,52.162459,21.026979,52.155488,21.03552,5,kl
2025-01-11T14:02:58.985+01:00,2025-01-11 13:24:33.828,0.965676,in subway,0.623587,3387.776123,52.155344,21.035132,52.131389,21.065806,5,kl
2025-01-11T14:06:08.215+01:00,2025-01-11 14:02:58.985,0.976653,walking,0.455685,231.88707,52.131389,21.065806,52.129451,21.06574,5,kl
2025-01-12T14:03:49.489+01:00,2025-01-12 13:59:22.797,0.981834,walking,0.48096,321.429108,52.129002,21.065039,52.131577,21.065637,5,kl
2025-01-12T14:28:12.770+01:00,2025-01-12 14:03:49.489,0.998586,in subway,0.961335,10462.243164,52.131577,21.065637,52.219924,21.01286,5,kl
2025-01-12T16:30:00.641+01:00,2025-01-12 16:06:34.052,0.998925,in subway,0.964706,10217.963867,52.217721,21.014674,52.131348,21.065821,5,kl
2025-01-12T16:50:14.343+01:00,2025-01-12 16:30:00.641,0.794859,walking,0.7321,731.701843,52.131421,21.069666,52.12916,21.064998,5,kl
2025-01-13T15:36:45.660+01:00,2025-01-13 15:33:58.207,0.894672,walking,0.751186,205.518921,52.129725,21.065493,52.131353,21.065793,6,kl
2025-01-13T15:44:59.846+01:00,2025-01-13 15:36:45.660,0.99969,in subway,0.971642,4356.572754,52.131353,21.065793,52.162483,21.027279,6,kl
2025-01-13T15:47:33.885+01:00,2025-01-13 15:44:59.846,0.791967,walking,0.382638,172.942413,52.162483,21.027279,52.163733,21.025771,6,kl
2025-01-13T17:12:03.964+01:00,2025-01-13 17:02:38.063,0.839886,in bus,0.459952,1011.924622,52.162512,21.026784,52.155247,21.035227,6,kl
2025-01-13T17:29:49.719+01:00,2025-01-13 17:12:03.964,0.99342,in subway,0.800506,3374.05957,52.155247,21.035227,52.131386,21.065772,6,kl
2025-01-13T17:41:54.775+01:00,2025-01-13 17:29:49.719,0.731226,walking,0.447599,174.370483,52.131386,21.065772,52.130851,21.064762,6,kl
2025-01-14T15:19:53.560+01:00,2025-01-14 15:15:45.791,0.868629,walking,0.455093,117.125114,52.130424,21.065441,52.131467,21.065642,6,kl
2025-01-14T15:39:45.143+01:00,2025-01-14 15:19:53.560,0.997604,in subway,0.948247,10390.959961,52.131467,21.065642,52.219777,21.015809,6,kl
2025-01-14T19:52:18.123+01:00,2025-01-14 15:46:48.724,0.643351,walking,0.438849,750.553894,52.219993,21.014024,52.221605,21.00493,6,kl
2025-01-14T20:17:47.115+01:00,2025-01-14 19:52:18.123,0.996225,in tram,0.664543,10968.280273,52.220378,21.004786,52.129949,21.065373,6,kl
2025-01-14T20:20:02.292+01:00,2025-01-14 20:17:47.115,0.964567,walking,0.782284,109.062607,52.129949,21.065373,52.129005,21.064935,6,kl
2025-01-16T12:22:23.014+01:00,2025-01-16 08:55:51.036,0.972003,in passenger vehicle,0.451257,11091.708008,52.128703,21.064703,52.221967,21.007007,6,kl
2025-01-16T19:01:41.000+01:00,2025-01-16 18:35:44.789,0.994624,in bus,0.370501,10975.188477,52.222094,21.005081,52.131383,21.065771,6,kl
2025-01-16T19:04:31.953+01:00,2025-01-16 19:01:41.000,0.975028,walking,0.766441,165.225052,52.131383,21.065771,52.129939,21.065196,6,kl
2025-01-17T13:12:42.739+01:00,2025-01-17 12:49:11.020,0.916633,walking,0.840049,126.054871,52.128654,21.064604,52.129621,21.06557,6,kl
2025-01-17T13:30:05.969+01:00,2025-01-17 13:12:42.739,0.998998,in subway,0.982674,9364.196289,52.131455,21.065736,52.207957,21.008334,6,kl
2025-01-17T13:37:17.000+01:00,2025-01-17 13:30:05.969,0.946269,in tram,0.680691,1590.32605,52.207957,21.008334,52.222051,21.004861,6,kl
2025-01-17T19:33:02.690+01:00,2025-01-17 18:56:22.843,0.993445,in tram,0.598463,10725.796875,52.219876,21.004997,52.131378,21.065799,6,kl
2025-01-17T19:38:03.680+01:00,2025-01-17 19:33:02.690,0.890254,walking,0.666107,271.774811,52.131378,21.065799,52.13071,21.064869,6,kl
2025-01-18T11:31:52.575+01:00,2025-01-18 11:27:02.246,0.937168,walking,0.482578,241.138779,52.130033,21.065185,52.132011,21.065249,6,kl
2025-01-18T11:41:38.764+01:00,2025-01-18 11:31:52.575,0.999627,in subway,0.967207,4251.431641,52.132011,21.065249,52.162529,21.027714,6,kl
2025-01-18T11:43:26.329+01:00,2025-01-18 11:41:38.764,0.958513,walking,0.494266,98.34304,52.162529,21.027714,52.163053,21.026553,6,kl
2025-01-18T12:09:56.758+01:00,2025-01-18 11:57:41.433,0.999194,in subway,0.980928,4342.972656,52.162431,21.027176,52.131384,21.065793,6,kl
2025-01-18T17:47:17.014+01:00,2025-01-18 17:17:50.638,0.998469,in subway,0.94432,11765.125977,52.131635,21.065574,52.231963,21.010769,6,kl
2025-01-18T18:41:02.896+01:00,2025-01-18 18:24:11.152,0.982467,in bus,0.652773,4627.922363,52.229456,21.009491,52.212662,20.954853,6,kl
2025-01-18T20:02:55.029+01:00,2025-01-18 19:48:51.999,0.990795,in bus,0.494401,4388.191406,52.212917,20.953913,52.228532,21.005958,6,kl
2025-01-18T20:29:13.166+01:00,2025-01-18 20:09:20.559,0.993579,in subway,0.852204,8455.958984,52.228715,21.00682,52.155408,21.03546,6,kl
2025-01-18T21:02:51.924+01:00,2025-01-18 20:33:31.622,0.987882,in subway,0.907773,3375.780762,52.155249,21.035221,52.131382,21.065794,6,kl
2024-12-05T20:32:53.000+01:00,2024-12-05 20:04:43,0.991780161857605,IN_TRAM,0.0,7681.38232421875,52.2226791,21.0048057,52.2638779,21.0383631,0,jo
2024-12-05T20:34:53.000+01:00,2024-12-05 20:32:53,0.937374949455261,WALKING,0.785086929798126,136.234909057617,52.2638779,21.0383631,52.262926,21.0396234,0,jo
2024-12-06T09:55:59.000+01:00,2024-12-06 09:35:53,0.982036888599396,IN_SUBWAY,0.652031540870667,6125.287109375,52.2619107,21.0407294,52.2192524,21.0155117,0,jo
2024-12-06T10:04:01.000+01:00,2024-12-06 09:55:59,0.98917943239212,WALKING,0.7871915102005,662.12744140625,52.2192524,21.0155117,52.2220795,21.0070255,0,jo
2024-12-06T17:08:46.000+01:00,2024-12-06 17:02:19,0.9832843542099,WALKING,0.681746959686279,164.045837402344,52.2222135,21.006912,52.2227287,21.0047225,0,jo
2024-12-06T17:38:55.000+01:00,2024-12-06 17:08:46,0.986295998096466,IN_TRAM,0.578840792179108,7822.80322265625,52.2227287,21.0047225,52.2637291,21.0390727,0,jo
2024-12-07T10:09:26.000+01:00,2024-12-07 10:01:22,0.990735769271851,WALKING,0.918742716312408,608.832275390625,52.2628504,21.0393712,52.2637606,21.034098,0,jo
2024-12-07T11:11:47.000+01:00,2024-12-07 10:53:39,0.988756000995636,WALKING,0.903964757919312,2010.00549316406,52.2642629,21.0345692,52.2623839,21.0387644,0,jo
2024-12-09T10:07:42.000+01:00,2024-12-09 09:36:43,0.876898288726807,IN_SUBWAY,0.415165424346924,467.91796875,52.2627955,21.0397804,52.2635058,21.0454088,1,jo
2024-12-09T11:58:38.000+01:00,2024-12-09 11:50:35,0.975529909133911,WALKING,0.648561537265778,765.26220703125,52.220654,21.0104209,52.220523,21.0104351,1,jo
2024-12-09T12:14:41.000+01:00,2024-12-09 11:58:38,0.976282298564911,IN_SUBWAY,0.903261363506317,6101.5517578125,52.220523,21.0104351,52.2541144,21.0353768,1,jo
2024-12-09T12:30:45.000+01:00,2024-12-09 12:14:41,0.949471414089203,WALKING,0.851328551769257,1182.48864746094,52.2541144,21.0353768,52.2628864,21.0396181,1,jo
2024-12-10T08:44:18.000+01:00,2024-12-10 08:36:15,0.899632573127747,WALKING,0.837717235088348,578.641906738281,52.2628566,21.0400034,52.2635084,21.0455898,1,jo
2024-12-10T08:56:42.000+01:00,2024-12-10 08:44:18,0.988195896148682,IN_SUBWAY,0.937387526035309,7572.400390625,52.2635084,21.0455898,52.2228935,21.0127041,1,jo
2024-12-10T09:06:47.000+01:00,2024-12-10 08:56:42,0.993161082267761,WALKING,0.880936622619629,1044.91796875,52.2228935,21.0127041,52.221926,21.0081452,1,jo
2024-12-10T16:07:25.000+01:00,2024-12-10 15:59:23,0.987033009529114,WALKING,0.941353797912598,586.633911132812,52.2216669,21.0076544,52.2198831,21.0152656,1,jo
2024-12-10T16:35:35.000+01:00,2024-12-10 16:19:29,0.99650502204895,IN_SUBWAY,0.0,5699.3720703125,52.2198831,21.0152656,52.2626304,21.0399628,1,jo
2024-12-11T09:41:41.000+01:00,2024-12-11 09:33:39,0.95671546459198,WALKING,0.866718769073486,549.164916992188,52.2628863,21.0392878,52.2635914,21.0455011,1,jo
2024-12-11T09:59:45.000+01:00,2024-12-11 09:41:41,0.980974078178406,IN_SUBWAY,0.825051784515381,7122.271484375,52.2635914,21.0455011,52.2079321,21.0082509,1,jo
2024-12-11T10:07:47.000+01:00,2024-12-11 09:59:45,0.972993493080139,WALKING,0.71968686580658,812.112731933594,52.2079321,21.0082509,52.2032051,21.001034,1,jo
2024-12-11T12:11:34.000+01:00,2024-12-11 11:51:24,0.997609436511993,IN_TRAM,0.60916143655777,3312.30029296875,52.2035084,21.001881,52.2298597,21.0011958,1,jo
2024-12-11T14:57:12.000+01:00,2024-12-11 14:45:08,0.99797648191452,WALKING,0.496209472417831,1377.52465820312,52.2320578,21.0042047,52.2219822,21.0064566,1,jo
2024-12-11T17:11:02.000+01:00,2024-12-11 16:57:27,0.945037186145782,WALKING,0.853517591953278,221.642059326172,52.2221463,21.0071701,52.2213778,21.0101723,1,jo
2024-12-11T17:35:06.000+01:00,2024-12-11 17:25:03,0.994698047637939,IN_SUBWAY,0.478819996118546,5649.6416015625,52.2192581,21.0155168,52.2620177,21.040544,1,jo
2024-12-12T08:11:06.000+01:00,2024-12-12 07:48:59,0.991393983364105,IN_SUBWAY,0.709063351154327,10307.279296875,52.2627519,21.0400443,52.2192734,21.0154545,1,jo
2024-12-12T08:19:08.000+01:00,2024-12-12 08:11:06,0.971012353897095,WALKING,0.535016715526581,674.879760742188,52.2192734,21.0154545,52.2220706,21.0070114,1,jo
2024-12-12T17:47:08.000+01:00,2024-12-12 17:41:44,0.957744896411896,WALKING,0.567344844341278,164.572784423828,52.2221343,21.0068823,52.2227511,21.0046861,1,jo
2024-12-12T18:05:15.000+01:00,2024-12-12 17:47:08,0.98010790348053,IN_PASSENGER_VEHICLE,0.319711059331894,4196.8916015625,52.2227511,21.0046861,52.2375303,21.0517347,1,jo
2024-12-12T18:53:53.000+01:00,2024-12-12 18:34:45,0.994920492172241,IN_TRAM,0.640545666217804,3198.34814453125,52.2390597,21.0490087,52.2637198,21.0383269,1,jo
2024-12-13T09:53:41.000+01:00,2024-12-13 09:33:23,0.960596084594727,IN_SUBWAY,0.0,5159.6318359375,52.262708,21.0401111,52.2304866,21.0110908,1,jo
2024-12-13T10:03:46.000+01:00,2024-12-13 09:53:41,0.994886338710785,WALKING,0.419336080551147,1523.60229492188,52.2304866,21.0110908,52.2216164,21.0082633,1,jo
2024-12-13T17:07:37.000+01:00,2024-12-13 16:51:22,0.977403819561005,WALKING,0.523866713047028,4856.0419921875,52.2222303,21.0069243,52.2467741,21.0428367,1,jo
2024-12-13T17:23:41.000+01:00,2024-12-13 17:13:38,0.992035865783691,IN_SUBWAY,0.55669903755188,2778.92553710938,52.2466114,21.042894,52.2631368,21.0388124,1,jo
2024-12-14T09:37:04.000+01:00,2024-12-14 09:29:01,0.96437281370163,WALKING,0.836754620075226,567.547668457031,52.262818,21.0392803,52.263588,21.0455631,1,jo
2024-12-14T09:50:22.000+01:00,2024-12-14 09:37:04,0.98792165517807,IN_SUBWAY,0.871049046516418,5874.28271484375,52.263588,21.0455631,52.2291525,21.0089581,1,jo
2024-12-14T09:56:36.000+01:00,2024-12-14 09:50:22,0.598254501819611,WALKING,0.505457282066345,203.690887451172,52.2293086,21.0061647,52.2290887,21.0031956,1,jo
2024-12-14T11:22:19.000+01:00,2024-12-14 10:09:47,0.999146342277527,IN_TRAIN,0.996539950370789,102040.09375,52.2287428,21.0020933,51.7443717,19.8173567,1,jo
2024-12-14T11:32:23.000+01:00,2024-12-14 11:22:19,0.977358281612396,WALKING,0.95593935251236,1296.1982421875,51.729945,19.7306124,51.7214597,19.7295772,1,jo
2024-12-14T12:19:22.000+01:00,2024-12-14 12:07:16,0.997116684913635,CYCLING,0.683999359607697,3523.72705078125,51.7216309,19.7298381,51.7266861,19.680681,1,jo
2024-12-14T12:39:29.000+01:00,2024-12-14 12:27:25,0.997053503990173,CYCLING,0.930803120136261,2883.06298828125,51.7264957,19.6802015,51.7259793,19.6395153,1,jo
2024-12-14T12:51:34.000+01:00,2024-12-14 12:49:33,0.988937616348267,WALKING,0.589016854763031,205.617904663086,51.7263252,19.6395503,51.7275436,19.641796,1,jo
2024-12-14T13:17:43.000+01:00,2024-12-14 13:15:42,0.916588306427002,WALKING,0.489536315202713,87.9095840454102,51.7271129,19.6409607,51.7266261,19.639955,1,jo
2024-12-14T13:55:05.000+01:00,2024-12-14 13:25:44,0.985582768917084,CYCLING,0.956080257892609,6775.16455078125,51.7262841,19.6392598,51.7217627,19.7300295,1,jo
2024-12-15T19:39:46.000+01:00,2024-12-15 19:09:45,0.939890623092651,IN_TRAIN,0.0,7806.66552734375,51.7155956,19.7326144,51.7441221,19.8199522,1,jo
2024-12-15T21:08:29.000+01:00,2024-12-15 20:06:07,0.964207351207733,IN_TRAIN,0.955701649188995,102639.078125,51.7440851,19.8199762,52.2283877,21.0018987,1,jo
2024-12-15T21:24:38.000+01:00,2024-12-15 21:12:31,0.732538938522339,WALKING,0.513994872570038,920.388549804688,52.2284962,21.0040417,52.2287216,21.0119444,1,jo
2024-12-15T21:44:47.000+01:00,2024-12-15 21:24:38,0.997491896152496,IN_TRAM,0.877930462360382,5395.72412109375,52.2287216,21.0119444,52.263676,21.0384569,1,jo
2024-12-16T10:00:31.000+01:00,2024-12-16 09:36:08,0.981984257698059,IN_SUBWAY,0.514587044715881,6408.3310546875,52.2627053,21.0401428,52.219286,21.0152963,2,jo
2024-12-16T10:06:34.000+01:00,2024-12-16 10:00:31,0.961064338684082,WALKING,0.591186106204987,366.178009033203,52.219286,21.0152963,52.2205222,21.0106069,2,jo
2024-12-16T17:25:06.000+01:00,2024-12-16 17:18:28,0.984996974468231,WALKING,0.916155576705933,576.176574707031,52.2214878,21.008421,52.2192754,21.015441,2,jo
2024-12-16T17:41:31.000+01:00,2024-12-16 17:25:06,0.975180089473724,IN_SUBWAY,0.931450188159943,8638.7998046875,52.2192754,21.015441,52.2635895,21.0457352,2,jo
2024-12-16T17:47:33.000+01:00,2024-12-16 17:41:31,0.978950381278992,WALKING,0.715630292892456,389.838439941406,52.2635895,21.0457352,52.2619699,21.0406828,2,jo
2024-12-17T09:27:40.000+01:00,2024-12-17 09:07:13,0.995592832565308,IN_SUBWAY,0.793367207050323,7777.923828125,52.2628547,21.0393218,52.2353809,21.0091551,2,jo
2024-12-17T09:35:43.000+01:00,2024-12-17 09:27:40,0.977533519268036,WALKING,0.699596762657166,607.912963867188,52.219286,21.0152963,52.2218953,21.0078294,2,jo
2024-12-17T16:07:37.000+01:00,2024-12-17 15:56:00,0.994883239269257,WALKING,0.957466900348663,426.989715576172,52.2213971,21.0101168,52.2197117,21.0154794,2,jo
2024-12-17T16:30:22.000+01:00,2024-12-17 16:11:40,0.99569571018219,IN_SUBWAY,0.873242199420929,12774.2958984375,52.2195886,21.0155364,52.2621551,21.0420897,2,jo
2024-12-17T16:32:23.000+01:00,2024-12-17 16:30:22,0.985478639602661,WALKING,0.65523236989975,142.676132202148,52.2621551,21.0420897,52.2626778,21.0401751,2,jo
2024-12-18T12:39:37.000+01:00,2024-12-18 12:33:36,0.976068437099457,WALKING,0.833596229553223,513.055725097656,52.2629126,21.0393677,52.2634469,21.0453391,2,jo
2024-12-18T12:53:40.000+01:00,2024-12-18 12:39:37,0.99487978219986,IN_SUBWAY,0.874362468719482,5454.783203125,52.2634469,21.0453391,52.2321303,21.0029624,2,jo
2024-12-18T12:55:41.000+01:00,2024-12-18 12:53:40,0.780210971832275,WALKING,0.458672434091568,125.222389221191,52.2321303,21.0029624,52.2325643,21.0046591,2,jo
2024-12-18T14:39:39.000+01:00,2024-12-18 14:37:38,0.647415339946747,WALKING,0.523378789424896,173.168090820312,52.2335026,21.004209,52.2327358,21.0064222,2,jo
2024-12-18T14:51:41.000+01:00,2024-12-18 14:39:39,0.967248618602753,IN_SUBWAY,0.674625396728516,4087.93627929688,52.2327358,21.0064222,52.2542152,21.0353781,2,jo
2024-12-18T15:05:46.000+01:00,2024-12-18 14:51:41,0.965831458568573,WALKING,0.917399704456329,1150.37255859375,52.2542152,21.0353781,52.2622435,21.0386242,2,jo
2024-12-19T07:59:02.000+01:00,2024-12-19 07:52:59,0.929500222206116,WALKING,0.864514887332916,379.943634033203,52.2624618,21.0402978,52.2634402,21.0453263,2,jo
2024-12-19T08:17:26.000+01:00,2024-12-19 07:59:02,0.96864640712738,IN_SUBWAY,0.896046876907349,6072.6025390625,52.2634402,21.0453263,52.2192886,21.0155296,2,jo
2024-12-19T08:25:28.000+01:00,2024-12-19 08:17:26,0.972834348678589,WALKING,0.73287957906723,674.150207519531,52.2192886,21.0155296,52.2220764,21.0070276,2,jo
2024-12-19T18:39:18.000+01:00,2024-12-19 18:25:16,0.990102112293243,WALKING,0.886610746383667,608.9482421875,52.2220755,21.0068599,52.2268692,21.0025373,2,jo
2024-12-19T19:01:48.000+01:00,2024-12-19 18:39:18,0.897405385971069,IN_TRAM,0.371549636125565,6092.11328125,52.2281384,21.0045716,52.2565908,21.0534579,2,jo
2024-12-19T19:38:18.000+01:00,2024-12-19 19:01:48,0.967198669910431,WALKING,0.911042273044586,2024.25341796875,52.2565908,21.0534579,52.2577983,21.0394267,2,jo
2024-12-20T09:32:43.000+01:00,2024-12-20 09:26:40,0.949061334133148,WALKING,0.828386962413788,397.404052734375,52.2626991,21.0400944,52.2634434,21.0453114,2,jo
2024-12-20T09:48:47.000+01:00,2024-12-20 09:32:43,0.89916867017746,IN_SUBWAY,0.870003581047058,4186.19091796875,52.2634434,21.0453114,52.2349885,21.0080182,2,jo
2024-12-20T09:56:49.000+01:00,2024-12-20 09:48:47,0.992088973522186,WALKING,0.633386671543121,1992.03771972656,52.2349885,21.0080182,52.2220784,21.0070212,2,jo
2024-12-20T14:00:14.000+01:00,2024-12-20 13:54:12,0.995511174201965,WALKING,0.985156059265137,515.678894042969,52.2213823,21.0083164,52.2200012,21.0151776,2,jo
2024-12-20T14:16:21.000+01:00,2024-12-20 14:10:18,0.998215913772583,WALKING,0.978111565113068,525.278137207031,52.2200448,21.014632,52.22176,21.0076528,2,jo
2024-12-20T17:05:13.000+01:00,2024-12-20 16:55:10,0.788534939289093,WALKING,0.546781659126282,964.557739257812,52.2219618,21.0061017,52.2274944,21.0036475,2,jo
2024-12-20T17:29:30.000+01:00,2024-12-20 17:05:13,0.998330950737,IN_TRAM,0.839689135551453,6613.9482421875,52.2274944,21.0036475,52.2635657,21.0392715,2,jo
2024-12-22T12:37:51.000+01:00,2024-12-22 12:33:46,0.997011959552765,WALKING,0.932766914367676,335.382080078125,52.2628027,21.0396861,52.265774,21.0402568,2,jo
2024-12-22T13:14:00.000+01:00,2024-12-22 13:11:59,0.998883783817291,WALKING,0.95971691608429,154.260437011719,52.2649082,21.0399796,52.2636009,21.039221,2,jo
2024-12-23T10:34:04.000+01:00,2024-12-23 10:30:34,0.99598491191864,WALKING,0.965835392475128,324.635711669922,52.2621361,21.0401854,52.2629003,21.0442139,3,jo
2024-12-23T10:50:36.000+01:00,2024-12-23 10:40:35,0.987434208393097,IN_SUBWAY,0.914847314357758,5441.1044921875,52.2634429,21.0453143,52.2350895,21.0079487,3,jo
2024-12-23T11:00:37.000+01:00,2024-12-23 10:50:36,0.987621188163757,WALKING,0.719866573810577,1294.74865722656,52.2350895,21.0079487,52.2294638,21.0033914,3,jo
2024-12-23T12:18:58.000+01:00,2024-12-23 11:19:21,0.972442150115967,IN_TRAIN,0.952742397785187,103082.828125,52.2286548,21.0020848,51.743665,19.8177667,3,jo
2024-12-23T12:36:29.000+01:00,2024-12-23 12:20:22,0.974607110023499,IN_PASSENGER_VEHICLE,0.899244070053101,8097.458984375,51.7438499,19.8174267,51.7234399,19.7300589,3,jo
2024-12-25T16:41:00.000+01:00,2024-12-25 13:23:51,0.995510876178741,IN_PASSENGER_VEHICLE,0.966801881790161,319477.75,51.7214733,19.7295882,51.2749188,15.790553,3,jo
2024-12-26T09:19:18.000+01:00,2024-12-25 16:45:13,0.983106136322021,IN_PASSENGER_VEHICLE,0.69616824388504,60162.39453125,49.2493667,10.467375,49.2049368,9.6529775,3,jo
2025-01-04T10:44:59.000+01:00,2025-01-04 08:59:06,0.868274807929993,IN_PASSENGER_VEHICLE,0.669992685317993,10531.1484375,46.5245174,4.6727209,46.4338667,4.6583067,4,jo
2025-01-04T21:30:16.000+01:00,2025-01-04 14:27:51,0.940905809402466,IN_PASSENGER_VEHICLE,0.792535901069641,424115.28125,47.1255283,5.3992967,49.1323086,10.088464,4,jo
2025-01-05T17:23:46.000+01:00,2025-01-05 07:03:49,0.984902858734131,IN_PASSENGER_VEHICLE,0.94968318939209,260894.09375,51.0657992,16.5077571,51.721986,19.7299001,4,jo
2025-01-06T16:52:53.000+01:00,2025-01-06 15:18:02,0.966376602649689,IN_PASSENGER_VEHICLE,0.955373406410217,120999.21875,51.7215128,19.7295953,52.2621662,21.0377705,5,jo
2025-01-07T13:38:23.000+01:00,2025-01-07 13:30:20,0.96118438243866,WALKING,0.656457722187042,531.864501953125,52.2628136,21.0392885,52.2635739,21.0455422,5,jo
2025-01-07T13:52:28.000+01:00,2025-01-07 13:38:23,0.99312824010849,IN_SUBWAY,0.910951793193817,5490.6943359375,52.2635739,21.0455422,52.2195886,21.0155364,5,jo
2025-01-07T14:02:51.000+01:00,2025-01-07 13:52:28,0.921098053455353,WALKING,0.770623981952667,740.851318359375,52.2195886,21.0155364,52.2221982,21.0070012,5,jo
2025-01-07T15:38:58.000+01:00,2025-01-07 15:30:54,0.968933522701263,WALKING,0.862360000610352,605.144104003906,52.2216429,21.008133,52.2191927,21.0155335,5,jo
2025-01-07T15:56:34.000+01:00,2025-01-07 15:38:58,0.965837478637695,IN_SUBWAY,0.886687457561493,2140.8349609375,52.2191927,21.0155335,52.2369063,21.0171151,5,jo
2025-01-07T16:20:43.000+01:00,2025-01-07 15:56:34,0.990822196006775,WALKING,0.941174447536469,2059.70288085938,52.249221,21.0440517,52.2627319,21.0391866,5,jo
2025-01-08T09:44:34.000+01:00,2025-01-08 09:36:31,0.95374470949173,WALKING,0.794595181941986,598.328247070312,52.2628252,21.0392666,52.2635071,21.0454752,5,jo
2025-01-08T09:59:20.000+01:00,2025-01-08 09:44:34,0.995260298252106,IN_SUBWAY,0.916279137134552,6257.05859375,52.2635071,21.0454752,52.219286,21.0152963,5,jo
2025-01-08T10:03:21.000+01:00,2025-01-08 09:59:20,0.980995059013367,WALKING,0.679619073867798,281.450042724609,52.219286,21.0152963,52.2203666,21.0116127,5,jo
2025-01-08T11:59:21.000+01:00,2025-01-08 11:49:17,0.961323261260986,WALKING,0.616255044937134,1509.12890625,52.2204728,21.0103262,52.2304866,21.0110908,5,jo
2025-01-08T12:11:25.000+01:00,2025-01-08 11:59:21,0.946052253246307,IN_SUBWAY,0.883604884147644,8523.9990234375,52.2304866,21.0110908,52.2468161,21.0429111,5,jo
2025-01-08T12:37:36.000+01:00,2025-01-08 12:13:26,0.995259881019592,WALKING,0.962600767612457,1976.60302734375,52.2480815,21.0424362,52.2624525,21.0386265,5,jo
2025-01-09T07:58:21.000+01:00,2025-01-09 07:50:17,0.930094063282013,WALKING,0.874452650547028,515.296325683594,52.2629275,21.0391744,52.2634647,21.0452816,5,jo
2025-01-09T08:14:39.000+01:00,2025-01-09 07:58:21,0.986566841602325,IN_SUBWAY,0.899001598358154,8898.59765625,52.2634647,21.0452816,52.2199722,21.0154768,5,jo
2025-01-09T08:22:42.000+01:00,2025-01-09 08:14:39,0.994750320911407,WALKING,0.776452004909515,999.922546386719,52.2199722,21.0154768,52.2220647,21.006989,5,jo
2024-12-05T20:05:47.294+01:00,2024-12-05 19:20:14.038,0.929627,in tram,0.331291,1402.262695,52.23951,20.913227,52.252085,20.911674,0,mi
2024-12-05T21:03:10.634+01:00,2024-12-05 20:05:47.294,0.549502,walking,0.470463,48.434212,52.252085,20.911674,52.25195,20.91235,0,mi
2024-12-06T10:16:05.319+01:00,2024-12-06 09:50:56.900,0.982012,in subway,0.0,7376.84668,52.239039,20.914292,52.221923,21.007283,0,mi
2024-12-06T11:56:28.556+01:00,2024-12-06 11:50:39.779,0.952357,cycling,0.0,1133.306519,52.22275,21.008905,52.22534,21.010862,0,mi
2024-12-06T12:48:18.280+01:00,2024-12-06 12:39:12.941,0.968157,cycling,0.0,1576.885254,52.229211,21.009986,52.241266,21.000684,0,mi
2024-12-06T15:39:04.320+01:00,2024-12-06 15:25:47.538,0.973451,cycling,0.0,2115.816895,52.241471,21.002357,52.230681,21.021695,0,mi
2024-12-06T16:40:43.346+01:00,2024-12-06 16:01:02.885,0.988195,cycling,0.0,7799.994141,52.23441,21.008683,52.252135,20.911935,0,mi
2024-12-06T20:18:09.668+01:00,2024-12-06 20:08:43.834,0.835047,in bus,0.448438,1710.432617,52.251892,20.913082,52.239037,20.914308,0,mi
2024-12-06T20:34:29.661+01:00,2024-12-06 20:18:09.668,0.991131,in subway,0.902128,5818.821289,52.239037,20.914308,52.232447,20.999076,0,mi
2024-12-06T21:00:15.833+01:00,2024-12-06 20:38:48.071,0.998278,in tram,0.876797,6335.791992,52.231982,20.999461,52.178397,21.001969,0,mi
2024-12-06T21:04:19.320+01:00,2024-12-06 21:00:15.833,0.887026,walking,0.465144,163.5672,52.178397,21.001969,52.179181,21.003013,0,mi
2024-12-06T23:57:18.196+01:00,2024-12-06 23:41:33.072,0.981878,walking,0.84867,1515.2854,52.179627,21.002542,52.188862,20.992803,0,mi
2024-12-07T12:08:27.939+01:00,2024-12-07 12:05:46.156,0.975013,walking,0.858172,103.070366,52.189041,20.992577,52.188117,20.992707,0,mi
2024-12-08T14:02:03.902+01:00,2024-12-08 13:38:18.562,0.991322,in passenger vehicle,0.871254,12255.504883,52.188902,20.991299,52.260437,21.034184,0,mi
2024-12-08T18:13:16.088+01:00,2024-12-08 17:56:48.833,0.949104,walking,0.726671,1243.557129,52.261752,21.035291,52.255692,21.034113,0,mi
2024-12-08T18:49:06.999+01:00,2024-12-08 18:13:16.088,0.962587,in tram,0.87956,9958.603516,52.255692,21.034113,52.252455,20.913777,0,mi
2024-12-09T10:00:34.418+01:00,2024-12-08 18:49:06.999,0.648196,walking,0.572448,174.624878,52.2526,20.912272,52.252693,20.911796,0,mi
2024-12-09T10:38:04.007+01:00,2024-12-09 10:00:34.418,0.993485,cycling,0.0,7762.677246,52.254547,20.91592,52.255261,20.996781,1,mi
2024-12-09T17:12:55.100+01:00,2024-12-09 17:08:25.533,0.997909,cycling,0.0,1008.476074,52.255783,20.995855,52.25505,20.983894,1,mi
2024-12-09T18:22:39.946+01:00,2024-12-09 17:50:14.500,0.99819,cycling,0.0,7376.443359,52.256395,20.982002,52.252247,20.911969,1,mi
2024-12-09T19:44:05.076+01:00,2024-12-09 18:22:39.946,0.62681,walking,0.488409,27.315014,52.252247,20.911969,52.252083,20.91167,1,mi
2024-12-10T17:58:22.567+01:00,2024-12-10 17:57:51.793,0.991826,cycling,0.0,151.926804,52.255644,20.917428,52.256593,20.919034,1,mi
2024-12-10T18:40:11.287+01:00,2024-12-10 18:35:29.156,0.989416,cycling,0.0,730.119263,52.256677,20.919392,52.252144,20.912045,1,mi
2024-12-11T15:37:32.799+01:00,2024-12-10 18:40:11.287,0.570361,walking,0.0,102.6399,52.252144,20.912045,52.251728,20.910963,1,mi
2024-12-11T16:01:19.700+01:00,2024-12-11 15:37:32.799,0.99017,cycling,0.491097,8120.813965,52.251728,20.910963,52.22361,21.008138,1,mi
2024-12-11T16:56:40.944+01:00,2024-12-11 16:47:33.950,0.972035,cycling,0.0,1282.625122,52.223812,21.008033,52.231924,21.012721,1,mi
2024-12-11T17:15:33.949+01:00,2024-12-11 17:10:01.164,0.665593,walking,0.537316,247.464264,52.232518,21.015746,52.233291,21.019153,1,mi
2024-12-11T17:37:53.684+01:00,2024-12-11 17:15:33.949,0.980545,cycling,0.0,3759.457764,52.233291,21.019153,52.262554,20.992112,1,mi
2024-12-11T18:44:00.721+01:00,2024-12-11 18:36:54.120,0.848056,cycling,0.0,174.419601,52.263912,20.990423,52.263609,20.987908,1,mi
2024-12-11T19:14:45.545+01:00,2024-12-11 18:44:00.721,0.994712,cycling,0.0,7277.422852,52.263609,20.987908,52.252099,20.911969,1,mi
2024-12-12T13:42:56.573+01:00,2024-12-12 13:02:25.733,0.766284,walking,0.586461,132.832321,52.252088,20.911686,52.250909,20.911371,1,mi
2024-12-12T13:48:00.136+01:00,2024-12-12 13:42:56.573,0.994686,cycling,0.0,1352.908936,52.250909,20.911371,52.239161,20.913211,1,mi
2024-12-12T14:09:40.161+01:00,2024-12-12 13:51:34.517,0.974144,in subway,0.0,7453.362305,52.23907,20.914457,52.221804,21.006803,1,mi
2024-12-12T16:31:53.766+01:00,2024-12-12 16:14:07.960,0.966442,walking,0.859727,1190.332275,52.222899,21.007401,52.23029,21.010944,1,mi
2024-12-12T16:57:25.276+01:00,2024-12-12 16:39:29.261,0.994573,walking,0.76529,1601.631592,52.231284,21.010512,52.244127,21.000923,1,mi
2024-12-12T17:10:23.096+01:00,2024-12-12 17:07:17.881,0.938687,walking,0.903955,215.930283,52.24461,21.001082,52.245711,21.003694,1,mi
2024-12-12T17:59:15.109+01:00,2024-12-12 17:56:44.229,0.975466,walking,0.962846,244.40007,52.245639,21.003984,52.244711,21.000731,1,mi
2024-12-12T20:05:46.732+01:00,2024-12-12 19:58:57.463,0.982116,walking,0.89525,292.152252,52.243407,20.998283,52.242264,20.994421,1,mi
2024-12-12T22:46:22.393+01:00,2024-12-12 22:19:14.228,0.996443,cycling,0.0,6452.875977,52.239898,20.987308,52.251378,20.911231,1,mi
2024-12-13T10:13:37.394+01:00,2024-12-13 09:54:37.916,0.991028,in subway,0.348185,7216.991699,52.239038,20.914309,52.223123,21.007349,1,mi
2024-12-13T11:50:47.682+01:00,2024-12-13 11:48:07.449,0.963737,walking,0.0,371.7659,52.222729,21.008892,52.225647,21.011554,1,mi
2024-12-13T12:30:52.944+01:00,2024-12-13 12:30:16.823,0.880857,walking,0.0,146.972641,52.225324,21.009556,52.224783,21.007587,1,mi
2024-12-13T18:37:20.321+01:00,2024-12-13 18:02:28.084,0.954679,in tram,0.426289,10054.913086,52.221116,21.00903,52.252159,20.911484,1,mi
2024-12-13T20:55:23.099+01:00,2024-12-13 20:28:08.098,0.996993,in passenger vehicle,0.963398,16929.804688,52.208746,20.854731,52.112066,20.731609,1,mi
2024-12-13T20:58:48.604+01:00,2024-12-13 20:55:23.099,0.970259,walking,0.569672,148.11879,52.112066,20.731609,52.111085,20.733076,1,mi
2024-12-14T15:14:54.099+01:00,2024-12-14 14:38:33.097,0.988727,in passenger vehicle,0.944931,7153.001953,52.196992,20.911709,52.188915,20.990669,1,mi
2024-12-14T20:26:09.091+01:00,2024-12-14 20:21:22.091,0.995052,in passenger vehicle,0.890336,1285.670044,52.186852,20.992811,52.180802,21.005973,1,mi
2024-12-14T21:34:28.099+01:00,2024-12-14 20:58:02.074,0.991493,in passenger vehicle,0.824903,7855.209473,52.228735,21.001424,52.251829,20.910566,1,mi
2024-12-14T23:45:49.296+01:00,2024-12-14 23:41:19.036,0.989332,cycling,0.0,1233.632202,52.250866,20.911277,52.239906,20.913175,1,mi
2024-12-15T00:08:17.063+01:00,2024-12-14 23:50:08.361,0.996239,cycling,0.0,4705.036133,52.239067,20.914353,52.22456,20.959734,1,mi
2024-12-15T02:30:37.903+01:00,2024-12-15 02:04:11.857,0.995583,cycling,0.0,5772.180176,52.224593,20.960292,52.252071,20.911626,1,mi
2024-12-15T02:50:19.093+01:00,2024-12-15 02:30:37.903,0.633535,cycling,0.0,0.0,52.252088,20.911686,52.252088,20.911686,1,mi
2024-12-16T10:23:33.381+01:00,2024-12-16 10:18:52.768,0.95073,walking,0.42199,123.765106,52.252088,20.911686,52.250978,20.911558,2,mi
2024-12-16T10:51:05.278+01:00,2024-12-16 10:23:33.381,0.997167,in subway,0.0,8741.960938,52.250978,20.911558,52.229715,21.017069,2,mi
2024-12-16T11:45:44.654+01:00,2024-12-16 11:43:59.130,0.92452,walking,0.897123,72.168404,52.228929,21.017491,52.228678,21.016514,2,mi
2024-12-16T15:44:47.131+01:00,2024-12-16 15:41:38.698,0.971713,cycling,0.0,216.655624,52.229037,21.012501,52.227163,21.013369,2,mi
2024-12-16T16:09:09.000+01:00,2024-12-16 15:44:47.131,0.996439,cycling,0.0,5888.728516,52.227163,21.013369,52.189068,20.990801,2,mi
2024-12-17T08:29:17.062+01:00,2024-12-17 08:10:06.073,0.99314,cycling,0.0,4751.918945,52.188735,20.99271,52.222331,21.005068,2,mi
2024-12-17T12:30:57.229+01:00,2024-12-17 11:58:58.535,0.641273,cycling,0.0,820.668091,52.222694,21.008818,52.225199,21.009192,2,mi
2024-12-17T16:37:23.772+01:00,2024-12-17 16:00:06.721,0.993292,cycling,0.0,10350.78418,52.221306,21.008939,52.252138,20.912048,2,mi
2024-12-19T15:45:57.096+01:00,2024-12-19 15:26:29.851,0.893289,cycling,0.0,228.383362,52.252107,20.911802,52.25017,20.910688,2,mi
2024-12-19T15:51:03.788+01:00,2024-12-19 15:45:57.096,0.985159,cycling,0.0,1144.668823,52.25017,20.910688,52.240216,20.913296,2,mi
2024-12-19T18:32:25.359+01:00,2024-12-19 15:55:24.957,0.976865,cycling,0.0,7429.029785,52.239057,20.914411,52.221919,21.007187,2,mi
2024-12-19T18:38:40.229+01:00,2024-12-19 18:32:25.126,0.981434,cycling,0.0,710.18042,52.223869,21.007976,52.229649,21.003557,2,mi
2024-12-19T19:36:18.506+01:00,2024-12-19 18:54:57.164,0.996325,cycling,0.0,7648.151367,52.232189,21.003269,52.250728,20.911092,2,mi
2024-12-19T19:37:29.379+01:00,2024-12-19 19:36:18.506,0.977159,cycling,0.0,166.143097,52.250728,20.911092,52.252121,20.911974,2,mi
2024-12-20T14:08:47.727+01:00,2024-12-20 14:03:51.275,0.983223,cycling,0.0,1294.852661,52.250878,20.911348,52.239363,20.913459,2,mi
2024-12-20T14:31:20.195+01:00,2024-12-20 14:13:05.130,0.976054,in subway,0.0,7406.130859,52.239029,20.914255,52.22246,21.007517,2,mi
2024-12-20T17:04:20.234+01:00,2024-12-20 16:56:41.713,0.991918,cycling,0.0,1635.153442,52.221182,21.010413,52.230665,21.011038,2,mi
2024-12-20T17:35:14.761+01:00,2024-12-20 17:25:06.243,0.777947,cycling,0.0,366.303101,52.231108,21.013803,52.232834,21.016909,2,mi
2024-12-20T22:37:25.062+01:00,2024-12-20 22:03:54.363,0.983033,cycling,0.0,8664.133789,52.237017,21.018118,52.252111,20.911917,2,mi
2024-12-21T09:02:22.090+01:00,2024-12-21 08:43:47.089,0.977282,in passenger vehicle,0.905347,7596.341797,52.267577,20.937791,52.26089,21.033919,2,mi
2024-12-21T10:02:17.075+01:00,2024-12-21 09:07:33.089,0.984744,in passenger vehicle,0.944258,11631.229492,51.968498,21.563269,51.897957,21.604022,2,mi
2024-12-21T10:16:38.051+01:00,2024-12-21 10:02:17.075,0.768208,walking,0.57468,828.867188,51.897957,21.604022,51.896273,21.614017,2,mi
2024-12-21T11:59:01.079+01:00,2024-12-21 11:42:18.267,0.853681,walking,0.728775,1002.143433,51.896663,21.615195,51.898015,21.604859,2,mi
2024-12-21T12:26:02.094+01:00,2024-12-21 11:59:01.079,0.987077,in passenger vehicle,0.947445,10278.931641,52.117839,21.368647,52.099934,21.264195,2,mi
2024-12-21T12:46:33.094+01:00,2024-12-21 12:37:21.097,0.974807,in passenger vehicle,0.930187,3850.149414,52.101881,21.263658,52.127467,21.239926,2,mi
2024-12-21T14:12:50.086+01:00,2024-12-21 13:07:36.089,0.993822,in passenger vehicle,0.710389,9951.134766,52.226568,21.002984,52.250932,20.912096,2,mi
2024-12-22T13:18:21.699+01:00,2024-12-22 13:11:12.305,0.842034,cycling,0.0,1278.643799,52.247761,20.911369,52.239028,20.91424,2,mi
2024-12-22T13:35:13.001+01:00,2024-12-22 13:18:21.699,0.981046,in subway,0.671068,6577.710449,52.239028,20.91424,52.228101,21.002067,2,mi
2024-12-22T16:28:21.930+01:00,2024-12-22 16:13:55.943,0.988449,cycling,0.0,2678.37915,52.228151,21.002997,52.249074,20.998357,2,mi
2024-12-22T18:34:14.956+01:00,2024-12-22 17:52:58.990,0.997381,cycling,0.0,8812.657227,52.249149,20.996741,52.252124,20.911968,2,mi
2024-12-23T15:29:12.100+01:00,2024-12-23 14:59:37.813,0.988358,in passenger vehicle,0.0,4505.940918,52.21524,20.964568,52.188838,20.9917,3,mi
2024-12-23T16:33:31.474+01:00,2024-12-23 16:30:32.556,0.777056,walking,0.0,99.727859,52.190465,20.992142,52.191275,20.99277,3,mi
2024-12-23T16:57:14.000+01:00,2024-12-23 16:33:31.474,0.978177,in passenger vehicle,0.670586,5491.351562,52.190465,20.992142,52.223564,21.009483,3,mi
2024-12-23T17:05:50.388+01:00,2024-12-23 16:57:14.000,0.80139,walking,0.497824,831.600342,52.223564,21.009483,52.229552,21.003682,3,mi
2024-12-23T23:29:10.221+01:00,2024-12-23 23:18:57.131,0.986338,walking,0.930976,821.582764,52.229605,21.008696,52.224108,21.007836,3,mi
2024-12-24T00:02:48.802+01:00,2024-12-23 23:36:46.099,0.994523,in passenger vehicle,0.766009,13033.463867,52.223168,21.007559,52.252562,20.911516,3,mi
2024-12-26T14:59:13.181+01:00,2024-12-26 14:58:52.715,0.837445,walking,0.46145,100.500916,52.256457,20.920958,52.255655,20.920639,3,mi
2024-12-26T15:17:30.404+01:00,2024-12-26 15:14:14.928,0.984173,cycling,0.344873,690.802124,52.255035,20.919938,52.251868,20.911297,3,mi
2024-12-27T20:17:27.069+01:00,2024-12-27 19:50:04.449,0.963201,in bus,0.4629,8589.21875,52.252293,20.913491,52.237005,21.017288,3,mi
2024-12-27T20:22:06.279+01:00,2024-12-27 20:17:27.069,0.984543,walking,0.52325,322.295105,52.237005,21.017288,52.234303,21.018898,3,mi
2024-12-28T00:38:02.189+01:00,2024-12-27 23:51:07.146,0.968447,walking,0.878544,121.256073,52.250891,20.911225,52.251955,20.911386,3,mi
2024-12-28T18:38:14.203+01:00,2024-12-28 18:35:18.483,0.971294,walking,0.628904,204.515381,52.252496,20.911611,52.251704,20.913105,3,mi
2024-12-28T19:00:38.986+01:00,2024-12-28 18:38:14.203,0.903129,in tram,0.454914,8255.825195,52.25275,20.912813,52.235023,21.009213,3,mi
2024-12-28T19:13:09.062+01:00,2024-12-28 19:00:38.986,0.943792,walking,0.48551,1105.849487,52.235023,21.009213,52.227486,21.015601,3,mi
2024-12-28T19:53:54.119+01:00,2024-12-28 19:45:38.829,0.982131,walking,0.955101,611.48114,52.227903,21.01774,52.227378,21.023311,3,mi
2024-12-28T22:54:33.087+01:00,2024-12-28 22:25:53.667,0.724386,walking,0.670866,408.596924,52.219913,21.018272,52.216339,21.019514,3,mi
2024-12-29T00:42:24.060+01:00,2024-12-28 23:49:29.997,0.924988,walking,0.623164,8603.887695,52.217401,21.01939,52.239291,20.913891,3,mi
2024-12-29T00:46:21.815+01:00,2024-12-29 00:42:24.060,0.995679,in tram,0.888635,1368.50354,52.239291,20.913891,52.251421,20.912827,3,mi
2024-12-29T00:51:07.290+01:00,2024-12-29 00:46:21.815,0.973041,walking,0.466853,259.489655,52.251421,20.912827,52.252442,20.912817,3,mi
2024-12-31T17:23:08.121+01:00,2024-12-31 17:21:23.564,0.967109,walking,0.661463,126.689026,52.252698,20.91163,52.252057,20.913168,4,mi
2024-12-31T17:35:38.916+01:00,2024-12-31 17:23:08.121,0.963243,in tram,0.403844,2548.13916,52.252057,20.913168,52.240243,20.928847,4,mi
2024-12-31T18:05:27.762+01:00,2024-12-31 17:35:38.916,0.912784,in subway,0.588348,5950.98877,52.240243,20.928847,52.235054,21.008269,4,mi
2024-12-31T18:40:37.565+01:00,2024-12-31 18:08:49.829,0.967484,walking,0.741163,2436.285156,52.235,21.008264,52.219705,21.018249,4,mi
2024-12-31T19:48:19.542+01:00,2024-12-31 19:21:48.852,0.978968,in subway,0.0,8474.134766,52.219723,21.015812,52.283265,20.95407,4,mi
2025-01-01T05:09:30.529+01:00,2025-01-01 03:49:38.884,0.988461,walking,0.929708,5202.583496,52.274737,20.940235,52.240078,20.913039,4,mi
2025-01-01T05:22:18.833+01:00,2025-01-01 05:15:16.999,0.753515,in tram,0.414993,239.954285,52.250049,20.911262,52.252169,20.911918,4,mi
2025-01-01T15:41:20.544+01:00,2025-01-01 15:33:06.729,0.814163,in tram,0.310228,1408.987671,52.250853,20.911268,52.23906,20.914386,4,mi
2025-01-01T15:56:51.981+01:00,2025-01-01 15:41:20.544,0.984265,in subway,0.0,6523.062012,52.23906,20.914386,52.230538,21.006735,4,mi
2025-01-01T20:00:45.718+01:00,2025-01-01 19:57:16.683,0.852797,walking,0.783494,375.115723,52.230197,21.006699,52.230857,21.008357,4,mi
2025-01-01T21:24:52.394+01:00,2025-01-01 20:56:38.302,0.994219,in subway,0.0,8406.1875,52.231266,21.0106,52.251999,20.911704,4,mi
2025-01-02T13:56:24.076+01:00,2025-01-02 13:52:01.662,0.98516,cycling,0.508949,1340.474731,52.251661,20.910906,52.240056,20.913082,4,mi
2025-01-02T14:18:15.509+01:00,2025-01-02 14:00:40.435,0.990656,in subway,0.598258,6519.820801,52.239029,20.914225,52.233847,21.009088,4,mi
2025-01-02T14:48:42.088+01:00,2025-01-02 14:18:15.509,0.94616,walking,0.828819,1862.946655,52.233847,21.009088,52.221305,21.009368,4,mi
2025-01-02T15:43:44.543+01:00,2025-01-02 15:35:39.090,0.917404,walking,0.841543,626.601501,52.220092,21.012053,52.216692,21.018031,4,mi
2025-01-02T16:14:53.808+01:00,2025-01-02 15:59:37.054,0.960765,walking,0.856965,1056.018555,52.216633,21.017803,52.22202,21.007159,4,mi
2025-01-02T18:06:25.248+01:00,2025-01-02 17:51:55.435,0.981223,cycling,0.0,2591.082031,52.221272,21.009763,52.23667,21.017246,4,mi
2025-01-02T20:30:16.860+01:00,2025-01-02 20:09:37.465,0.992904,in bus,0.669526,5924.897949,52.236568,21.015073,52.240693,20.929784,4,mi
2025-01-02T21:48:13.737+01:00,2025-01-02 21:35:28.313,0.995678,in subway,0.0,2518.869141,52.24038,20.928236,52.251919,20.913102,4,mi
2025-01-03T09:59:09.560+01:00,2025-01-03 09:49:26.243,0.809504,cycling,0.444615,1842.805664,52.251173,20.911357,52.239023,20.914214,4,mi
2025-01-03T10:17:52.723+01:00,2025-01-03 09:59:09.560,0.959187,in subway,0.0,7343.564453,52.239023,20.914214,52.221851,21.007153,4,mi
2025-01-03T12:03:17.281+01:00,2025-01-03 11:54:44.197,0.972576,cycling,0.0,1563.367065,52.223287,21.008379,52.236064,21.003778,4,mi
2025-01-03T14:43:30.578+01:00,2025-01-03 14:35:00.285,0.992902,cycling,0.0,1858.739014,52.235097,21.004403,52.223264,21.016574,4,mi
2025-01-03T15:34:38.451+01:00,2025-01-03 15:33:51.421,0.907028,cycling,0.0,94.825912,52.223214,21.01653,52.222971,21.015196,4,mi
2025-01-03T17:44:56.581+01:00,2025-01-03 17:04:53.881,0.984038,in subway,0.0,10436.976562,52.221473,21.008067,52.252154,20.912854,4,mi
2025-01-05T10:33:29.000+01:00,2025-01-05 10:12:14.236,0.989297,cycling,0.0,5095.54834,52.252483,20.912758,52.289829,20.950398,4,mi
2025-01-05T13:11:55.871+01:00,2025-01-05 12:37:25.242,0.994193,walking,0.934403,2608.923584,52.294668,20.961059,52.280856,20.946746,4,mi
2025-01-05T14:29:02.824+01:00,2025-01-05 14:03:16.012,0.997004,cycling,0.0,5240.922363,52.280785,20.946764,52.252151,20.911774,4,mi
2025-01-07T13:46:38.609+01:00,2025-01-07 13:39:34.438,0.831445,cycling,0.331562,1548.984863,52.25159,20.911091,52.239046,20.914348,5,mi
2025-01-07T14:05:11.604+01:00,2025-01-07 13:46:38.609,0.990458,in subway,0.0,7286.057617,52.239046,20.914348,52.222852,21.007726,5,mi
2025-01-07T15:32:56.596+01:00,2025-01-07 15:31:19.028,0.953568,cycling,0.0,313.342377,52.227124,21.005957,52.229799,21.00451,5,mi
2025-01-07T15:57:55.830+01:00,2025-01-07 15:53:30.661,0.95344,cycling,0.0,700.087341,52.229705,21.004102,52.233423,20.998691,5,mi
2025-01-07T21:37:09.446+01:00,2025-01-07 21:09:30.098,0.996201,cycling,0.0,7604.32666,52.232411,20.994819,52.252214,20.913366,5,mi
2025-01-07T21:41:23.963+01:00,2025-01-07 21:37:09.446,0.845113,cycling,0.0,104.653221,52.252214,20.913366,52.252168,20.91183,5,mi
2025-01-08T14:35:32.880+01:00,2025-01-08 14:24:12.336,0.829066,cycling,0.307569,1604.667236,52.25156,20.911045,52.239393,20.916357,5,mi
2025-01-08T15:00:30.679+01:00,2025-01-08 14:35:32.880,0.990859,in subway,0.0,8190.337891,52.239393,20.916357,52.226561,21.022308,5,mi
2025-01-08T15:45:06.800+01:00,2025-01-08 15:41:48.000,0.965889,cycling,0.0,531.130798,52.226162,21.022469,52.223419,21.017087,5,mi
2025-01-08T16:41:56.890+01:00,2025-01-08 16:26:56.796,0.84657,cycling,0.0,176.728455,52.223448,21.017264,52.223664,21.019834,5,mi
2025-01-08T16:55:50.615+01:00,2025-01-08 16:41:56.890,0.923115,cycling,0.0,1633.454956,52.23035,21.019666,52.24363,21.014305,5,mi
2025-01-08T20:37:26.853+01:00,2025-01-08 20:03:04.164,0.996405,in subway,0.32482,9167.120117,52.242108,21.015469,52.25197,20.91299,5,mi
2025-01-08T20:39:01.464+01:00,2025-01-08 20:37:26.853,0.665185,walking,0.458823,95.650742,52.25197,20.91299,52.252311,20.911956,5,mi
